recipe,cat
1,342
1,325
1,86
1,184
1,246
1,209
1,119
1,144
1,183
1,277
1,215
1,117
1,101
1,132
1,151
1,175
1,121
1,150
1,178
1,268
1,140
1,112
1,205
1,5
2,2
2,325
2,86
2,184
2,246
2,182
2,245
2,64
2,101
2,151
2,175
2,150
2,178
2,186
3,7
3,325
3,86
3,184
3,246
3,99
3,182
3,288
3,25
3,127
3,215
3,100
3,335
3,337
3,82
3,22
3,43
3,118
3,101
3,32
3,13
3,329
3,21
3,112
3,286
4,2
4,325
4,86
4,184
4,91
4,246
4,202
4,179
4,144
4,182
4,266
4,336
4,54
4,106
4,59
4,177
4,101
4,176
4,180
4,174
4,175
4,178
4,3
5,93
5,325
5,86
5,184
5,91
5,246
5,209
5,183
5,277
5,155
5,283
5,312
5,80
5,281
5,320
5,271
5,112
5,247
5,280
5,5
6,325
6,86
6,184
6,246
6,183
6,238
6,106
6,90
6,186
6,239
6,112
6,5
7,342
7,325
7,86
7,184
7,246
7,179
7,144
7,284
7,336
7,215
7,177
7,337
7,101
7,181
7,176
7,180
7,174
7,145
7,178
7,85
7,112
7,5
8,86
8,184
8,246
8,6
8,182
8,183
8,26
8,106
8,90
8,269
8,186
8,112
9,4
9,325
9,86
9,184
9,246
9,209
9,6
9,12
9,182
9,109
9,106
9,60
9,269
9,44
10,4
10,325
10,86
10,184
10,246
10,209
10,36
10,127
10,215
10,193
10,101
10,251
10,29
10,33
10,44
10,112
10,205
11,342
11,325
11,86
11,184
11,91
11,246
11,183
11,245
11,15
11,215
11,64
11,186
11,112
11,5
12,166
12,4
12,325
12,86
12,184
12,246
12,209
12,12
12,183
12,277
12,106
12,28
12,165
12,267
12,117
12,312
12,101
12,156
12,121
12,268
12,44
12,112
13,86
13,290
14,4
14,325
14,86
14,246
14,6
14,12
14,106
14,3
15,2
15,325
15,86
15,246
15,120
15,266
15,205
16,4
16,325
16,86
16,184
16,91
16,246
16,209
16,119
16,144
16,6
16,12
16,183
16,277
16,299
16,106
16,113
16,116
16,177
16,97
16,101
16,181
16,180
16,174
16,178
16,200
16,305
16,205
16,247
16,321
17,325
17,86
17,184
17,91
17,246
17,209
17,202
17,120
17,36
17,99
17,109
17,10
17,215
17,106
17,114
17,116
17,152
17,164
17,337
17,133
17,108
17,101
17,278
17,191
17,121
17,224
17,320
17,112
17,205
17,247
17,5
18,7
18,325
18,184
18,246
18,119
18,277
18,283
18,101
18,281
18,205
19,4
19,325
19,86
19,184
19,246
19,209
19,144
19,339
19,182
19,183
19,109
19,277
19,215
19,106
19,102
19,152
19,165
19,177
19,267
19,117
19,60
19,101
19,181
19,132
19,180
19,174
19,175
19,41
19,263
19,121
19,178
19,268
19,326
19,112
20,7
20,325
20,86
20,184
20,91
20,246
20,209
20,202
20,183
20,238
20,10
20,106
20,102
20,114
20,101
20,278
20,191
20,186
20,239
21,7
21,325
21,86
21,246
21,144
21,36
21,261
21,122
21,101
21,180
21,208
21,350
21,178
21,112
21,205
22,325
22,86
22,246
22,99
22,106
22,61
22,101
22,5
23,342
23,325
23,86
23,184
23,246
23,209
23,56
23,182
23,284
23,127
23,257
23,336
23,215
23,106
23,244
23,102
23,152
23,165
23,335
23,337
23,101
23,143
23,324
23,263
23,224
23,42
23,326
23,112
23,5
24,4
24,325
24,86
24,246
24,144
24,6
24,182
24,288
24,215
24,106
24,28
24,177
24,101
24,181
24,176
24,180
24,145
24,178
24,112
25,7
25,325
25,86
25,246
25,209
25,99
25,164
25,47
25,101
25,131
26,325
26,86
26,184
26,91
26,246
26,209
26,12
26,183
26,109
26,243
26,336
26,106
26,113
26,102
26,164
26,337
26,60
26,101
26,80
26,156
26,320
26,271
26,247
26,279
26,280
26,5
27,7
27,325
27,86
27,246
27,209
27,120
27,179
27,232
27,99
27,106
27,152
27,231
27,101
27,324
27,178
27,205
28,7
28,325
28,86
28,184
28,91
28,246
28,209
28,202
28,37
28,183
28,26
28,109
28,238
28,336
28,10
28,296
28,322
28,106
28,189
28,60
28,312
28,101
28,300
28,80
28,175
28,156
28,139
28,178
28,186
28,320
28,112
29,2
29,325
29,86
29,184
29,91
29,246
29,209
29,179
29,270
29,266
29,81
29,284
29,336
29,15
29,323
29,106
29,199
29,101
29,300
29,181
29,176
29,180
29,174
29,175
29,178
29,320
29,321
30,7
30,325
30,86
30,184
30,91
30,246
30,209
30,179
30,161
30,81
30,127
30,113
30,337
30,111
30,101
30,131
30,181
30,178
30,29
31,18
31,7
31,325
31,86
31,184
31,91
31,246
31,209
31,202
31,183
31,238
31,245
31,10
31,113
31,102
31,160
31,133
31,64
31,312
31,101
31,186
31,65
31,224
31,112
32,342
32,325
32,86
32,184
32,246
32,99
32,127
32,215
32,61
32,101
32,72
32,169
32,112
32,5
33,2
33,325
33,86
33,91
33,246
33,179
33,144
33,74
33,290
33,123
33,106
33,113
33,177
33,101
33,174
33,178
34,166
34,4
34,325
34,86
34,184
34,91
34,246
34,202
34,339
34,183
34,277
34,106
34,28
34,100
34,267
34,117
34,101
34,151
34,175
34,121
34,150
34,178
34,268
35,325
35,86
35,246
35,183
35,101
35,174
35,175
35,178
35,5
36,7
36,325
36,86
36,184
36,246
36,6
36,56
36,284
36,336
36,215
36,106
36,101
36,181
36,178
36,85
36,112
36,3
37,4
37,325
37,86
37,246
37,120
37,99
37,82
37,205
38,2
38,325
38,86
38,184
38,91
38,246
38,209
38,202
38,179
38,339
38,12
38,109
38,10
38,106
38,199
38,255
38,100
38,102
38,152
38,230
38,337
38,101
38,70
38,80
38,175
38,156
38,178
38,320
38,326
38,112
38,205
38,321
39,7
39,325
39,246
39,6
39,106
40,325
40,86
40,184
40,246
40,6
40,183
40,245
40,106
40,64
40,186
40,65
40,5
41,7
41,325
41,86
41,184
41,91
41,246
41,209
41,202
41,290
41,109
41,277
41,336
41,10
41,295
41,106
41,69
41,283
41,312
41,89
41,101
41,300
41,80
41,281
41,88
41,85
41,320
41,112
42,4
42,325
42,86
42,184
42,91
42,246
42,209
42,119
42,12
42,336
42,15
42,155
42,102
42,337
42,312
42,101
42,112
42,205
43,325
43,86
43,184
43,246
43,183
43,26
43,186
43,27
43,5
44,2
44,325
44,86
44,184
44,246
44,209
44,6
44,12
44,127
44,106
44,207
44,101
44,131
44,320
44,271
45,342
45,86
45,184
45,91
45,246
45,209
45,202
45,144
45,183
45,26
45,10
45,106
45,28
45,177
45,90
45,101
45,211
45,176
45,180
45,174
45,80
45,145
45,178
45,186
45,259
45,320
45,112
45,247
45,280
46,4
46,325
46,86
46,184
46,91
46,246
46,202
46,56
46,183
46,245
46,188
46,215
46,64
46,186
46,65
46,112
47,2
47,325
47,86
47,184
47,91
47,246
47,209
47,202
47,120
47,6
47,128
47,99
47,10
47,106
47,189
47,255
47,102
47,152
47,164
47,51
47,68
47,101
47,70
47,112
47,205
48,342
48,2
48,325
48,86
48,184
48,246
48,209
48,144
48,266
48,284
48,336
48,106
48,199
48,255
48,28
48,244
48,100
48,230
48,101
48,181
48,176
48,180
48,208
48,145
48,178
48,136
48,326
48,49
48,112
48,247
48,279
48,3
48,321
49,325
49,86
49,246
49,144
49,36
49,101
49,176
49,180
49,145
49,350
49,178
49,5
50,325
50,86
50,246
50,209
50,99
50,102
50,152
50,105
50,61
50,70
50,5
51,4
51,325
51,86
51,184
51,246
51,290
51,26
51,101
51,176
51,180
51,174
51,175
51,139
51,178
51,186
52,7
52,325
52,86
52,184
52,246
52,209
52,36
52,127
52,106
52,28
52,193
52,80
52,251
52,44
52,320
52,317
53,86
53,184
53,339
53,183
53,101
53,151
53,175
53,150
53,178
53,186
54,4
54,325
54,86
54,184
54,246
54,119
54,99
54,127
54,68
54,207
54,101
54,181
54,178
54,205
55,2
55,325
55,86
55,184
55,246
55,209
55,120
55,104
55,99
55,182
55,127
55,215
55,106
55,28
55,152
55,164
55,165
55,230
55,82
55,68
55,207
55,101
55,131
55,326
55,112
55,205
56,4
56,325
56,86
56,184
56,246
56,209
56,36
56,284
56,336
56,106
56,28
56,230
56,101
56,80
56,41
56,156
56,251
56,85
56,320
56,326
57,7
57,325
57,86
57,91
57,246
57,209
57,202
57,120
57,36
57,10
57,295
57,215
57,79
57,101
57,80
57,151
57,350
57,150
57,44
57,320
57,317
57,112
57,205
58,342
58,325
58,86
58,246
58,290
58,90
58,101
58,112
59,325
59,86
59,184
59,246
59,56
59,284
59,277
59,215
59,87
59,281
59,112
59,5
60,342
60,325
60,86
60,184
60,91
60,246
60,209
60,202
60,183
60,245
60,188
60,244
60,102
60,152
60,165
60,64
60,90
60,101
60,132
60,121
60,186
60,326
60,112
61,7
61,325
61,86
61,246
61,339
61,182
61,183
61,106
61,101
61,175
61,178
62,4
62,325
62,86
62,246
62,36
62,193
62,101
62,251
63,7
63,325
63,86
63,246
63,209
63,120
63,142
63,99
63,152
63,82
63,70
63,205
64,4
64,325
64,86
64,184
64,91
64,246
64,209
64,202
64,119
64,144
64,183
64,257
64,277
64,10
64,45
64,295
64,177
64,283
64,101
64,300
64,211
64,178
64,224
64,281
64,320
64,205
65,7
65,325
65,86
65,246
65,266
65,101
66,4
66,325
66,86
66,184
66,246
66,144
66,339
66,183
66,266
66,245
66,106
66,28
66,177
66,265
66,64
66,101
66,181
66,180
66,174
66,151
66,175
66,150
66,178
66,186
66,65
66,3
67,2
67,325
67,86
67,184
67,91
67,246
67,209
67,202
67,119
67,179
67,6
67,99
67,10
67,295
67,106
67,102
67,133
67,101
67,178
67,224
67,320
67,317
67,205
67,247
67,280
68,2
68,325
68,86
68,184
68,246
68,119
68,182
68,26
68,106
68,28
68,186
68,259
68,205
68,3
69,325
69,86
69,184
69,246
69,209
69,179
69,75
69,99
69,127
69,215
69,106
69,28
69,102
69,152
69,164
69,207
69,101
69,181
69,178
69,13
69,44
69,320
69,317
69,112
69,5
70,342
70,325
70,86
70,91
70,246
70,209
70,36
70,113
70,94
70,44
70,205
70,5
71,7
71,325
71,86
71,184
71,246
71,209
71,182
71,284
71,109
71,336
71,215
71,106
71,100
71,102
71,152
71,262
71,303
71,105
71,108
71,101
71,278
71,175
71,333
71,178
71,320
71,112
72,7
72,325
72,184
72,246
72,339
72,245
72,215
72,106
72,64
72,101
72,151
72,175
72,150
72,178
72,186
72,347
72,112
72,3
73,7
73,325
73,86
73,246
73,209
73,144
73,284
73,152
73,101
74,7
74,325
74,86
74,246
74,99
74,82
75,4
75,325
75,86
75,184
75,91
75,246
75,209
75,202
75,183
75,266
75,277
75,10
75,188
75,296
75,23
75,102
75,283
75,312
75,211
75,281
75,44
75,112
75,138
76,86
76,184
76,246
76,209
76,183
76,26
76,106
76,102
76,164
76,90
76,101
76,211
76,80
76,175
76,156
76,178
76,186
76,320
76,271
76,112
77,7
77,325
77,86
77,184
77,91
77,246
77,209
77,202
77,134
77,37
77,127
77,10
77,106
77,28
77,116
77,164
77,337
77,133
77,101
77,131
77,181
77,176
77,156
77,145
77,178
77,224
77,247
77,125
78,2
78,325
78,86
78,184
78,246
78,119
78,6
78,182
78,109
78,106
78,60
78,101
78,269
78,148
78,150
78,205
78,3
79,2
79,325
79,246
79,119
79,205
80,325
80,86
80,246
80,183
80,5
81,4
81,325
81,86
81,184
81,246
81,183
81,290
81,238
81,66
81,186
81,240
82,325
82,86
82,184
82,91
82,246
82,209
82,183
82,245
82,15
82,164
82,64
82,312
82,115
82,101
82,80
82,156
82,186
82,320
82,271
82,112
82,5
83,2
83,325
83,86
83,246
83,209
83,119
83,144
83,6
83,30
83,106
83,152
83,76
83,101
83,181
83,178
83,205
83,3
84,166
84,2
84,325
84,86
84,184
84,91
84,246
84,202
84,99
84,10
84,106
84,335
84,337
84,82
84,68
84,101
84,121
85,4
85,325
85,86
85,184
85,91
85,246
85,209
85,183
85,277
85,123
85,106
85,113
85,102
85,152
85,117
85,312
85,101
85,278
85,268
85,289
85,320
85,112
85,205
85,3
86,2
86,325
86,86
86,246
86,179
86,6
86,12
86,106
86,103
86,101
86,181
86,174
86,175
86,178
86,3
87,342
87,7
87,325
87,86
87,184
87,91
87,246
87,209
87,179
87,6
87,284
87,336
87,155
87,106
87,102
87,152
87,101
87,176
87,180
87,174
87,175
87,178
87,55
87,3
88,2
88,325
88,86
88,246
88,179
88,266
88,106
88,265
88,101
88,181
88,175
88,178
88,3
89,325
89,184
89,246
89,245
89,106
89,64
89,90
89,186
89,65
89,112
89,3
89,5
90,7
90,325
90,86
90,184
90,91
90,246
90,209
90,202
90,36
90,37
90,109
90,127
90,10
90,215
90,315
90,337
90,193
90,207
90,108
90,101
90,278
90,80
90,251
90,29
90,33
90,44
90,320
90,317
90,112
90,247
90,279
91,4
91,325
91,86
91,246
91,209
91,179
91,144
91,6
91,99
91,106
91,152
91,164
91,51
91,101
91,178
91,204
92,2
92,325
92,86
92,184
92,246
92,6
92,232
92,99
92,109
92,106
92,164
92,126
92,101
92,3
93,7
93,325
93,86
93,184
93,91
93,246
93,209
93,202
93,36
93,37
93,127
93,10
93,106
93,244
93,152
93,79
93,70
93,324
93,156
93,44
93,326
94,7
94,325
94,86
94,184
94,246
94,183
94,25
94,26
94,100
94,66
94,101
94,32
94,63
94,139
94,186
95,4
95,325
95,86
95,184
95,246
95,209
95,119
95,291
95,36
95,182
95,288
95,109
95,106
95,152
95,60
95,350
95,205
95,3
96,216
96,4
96,325
96,86
96,184
96,246
96,6
96,12
96,277
96,106
96,101
96,181
96,175
96,178
96,281
97,342
97,325
97,86
97,91
97,246
97,209
97,202
97,232
97,99
97,10
97,295
97,255
97,102
97,152
97,303
97,315
97,231
97,105
97,312
97,101
97,181
97,278
97,80
97,178
97,320
97,112
97,5
98,2
98,325
98,86
98,184
98,91
98,246
98,209
98,202
98,120
98,179
98,144
98,270
98,71
98,81
98,127
98,50
98,106
98,152
98,177
98,337
98,348
98,101
98,70
98,324
98,181
98,176
98,278
98,180
98,145
98,213
98,178
98,72
98,214
98,205
98,3
99,7
99,325
99,86
99,184
99,246
99,209
99,120
99,144
99,266
99,284
99,223
99,336
99,106
99,255
99,244
99,100
99,102
99,177
99,337
99,312
99,101
99,181
99,176
99,180
99,145
99,178
99,224
99,225
99,137
99,171
99,320
99,271
99,326
99,112
99,205
99,247
99,279
100,325
100,86
100,184
100,91
100,246
100,209
100,183
100,238
100,15
100,106
100,102
100,186
100,239
100,5
101,325
101,86
101,184
101,246
101,232
101,99
101,127
101,47
101,101
101,13
101,5
102,7
102,325
102,86
102,184
102,246
102,12
102,183
102,277
102,106
102,28
102,283
102,101
102,281
102,112
102,138
103,2
103,325
103,86
103,184
103,246
103,119
103,290
103,127
103,336
103,106
103,335
103,337
103,207
103,69
103,101
103,85
103,212
103,205
103,3
104,325
104,86
104,184
104,91
104,246
104,209
104,119
104,183
104,245
104,15
104,67
104,106
104,102
104,64
104,186
104,344
104,205
104,5
105,7
105,325
105,86
105,246
105,179
105,6
105,284
105,106
105,101
105,174
105,175
105,178
105,3
106,2
106,325
106,86
106,184
106,246
106,209
106,119
106,6
106,182
106,288
106,109
106,127
106,106
106,28
106,164
106,60
106,101
106,148
106,151
106,150
106,320
106,271
106,317
106,205
107,7
107,325
107,86
107,246
107,99
107,106
107,47
107,101
108,325
108,86
108,184
108,91
108,246
108,202
108,339
108,183
108,277
108,10
108,283
108,101
108,181
108,175
108,178
108,281
108,5
109,4
109,325
109,86
109,246
109,209
109,142
109,99
109,152
109,82
109,278
110,325
110,86
110,184
110,91
110,246
110,209
110,202
110,119
110,6
110,183
110,245
110,10
110,106
110,28
110,102
110,64
110,101
110,211
110,196
110,156
110,186
110,344
110,205
110,5
111,7
111,325
111,91
111,246
111,15
111,218
111,101
111,181
111,178
112,325
112,184
112,246
112,144
112,25
112,177
112,312
112,101
112,176
112,180
112,174
112,178
112,112
112,5
113,342
113,7
113,325
113,86
113,184
113,91
113,246
113,209
113,56
113,183
113,26
113,238
113,106
113,28
113,164
113,293
113,101
113,156
113,139
113,186
113,3
114,7
114,325
114,86
114,246
114,36
114,215
114,193
114,101
114,251
114,112
115,2
115,325
115,86
115,184
115,246
115,209
115,81
115,284
115,336
115,106
115,28
115,100
115,152
115,337
115,101
115,131
115,156
115,121
115,57
115,44
115,326
115,205
116,7
116,325
116,86
116,246
116,179
116,144
116,30
116,106
116,177
116,101
116,181
116,176
116,180
116,174
116,178
116,3
117,7
117,325
117,86
117,246
117,144
117,290
117,106
117,177
117,101
117,181
117,176
117,180
117,174
117,175
117,178
118,2
118,325
118,86
118,184
118,91
118,246
118,209
118,202
118,120
118,12
118,10
118,188
118,296
118,106
118,102
118,116
118,337
118,101
118,131
118,300
118,156
118,224
118,320
118,271
118,205
118,247
119,7
119,325
119,86
119,184
119,91
119,246
119,202
119,56
119,183
119,25
119,26
119,10
119,215
119,106
119,211
119,139
119,186
119,112
120,2
120,325
120,86
120,246
120,182
120,183
120,106
121,7
121,325
121,86
121,184
121,246
121,179
121,144
121,75
121,99
121,127
121,101
121,181
121,176
121,180
121,145
121,178
121,29
121,253
121,234
121,226
122,4
122,325
122,86
122,184
122,91
122,246
122,209
122,179
122,144
122,6
122,284
122,243
122,336
122,106
122,113
122,102
122,159
122,312
122,101
122,181
122,176
122,174
122,80
122,156
122,145
122,178
122,44
122,320
122,112
122,247
122,280
123,7
123,325
123,86
123,184
123,91
123,246
123,209
123,183
123,223
123,238
123,336
123,113
123,244
123,102
123,160
123,312
123,101
123,211
123,194
123,186
123,224
123,16
123,39
123,326
123,112
124,325
124,86
124,184
124,91
124,246
124,209
124,294
124,183
124,127
124,257
124,277
124,299
124,113
124,102
124,262
124,283
124,101
124,211
124,237
124,329
124,221
124,224
124,282
124,281
124,320
124,5
125,325
125,86
125,246
125,209
125,120
125,99
125,102
125,47
125,205
125,5
126,7
126,325
126,86
126,184
126,246
126,339
126,12
126,183
126,277
126,283
126,101
126,175
126,178
126,281
127,325
127,86
127,184
127,91
127,246
127,209
127,120
127,260
127,99
127,109
127,130
127,1
127,106
127,113
127,152
127,82
127,70
127,205
128,2
128,325
128,86
128,184
128,91
128,246
128,202
128,119
128,144
128,6
128,99
128,127
128,10
128,106
128,101
128,176
128,145
128,178
128,29
128,33
128,205
128,3
129,4
129,325
129,184
129,246
129,144
129,223
129,106
129,101
129,176
129,145
129,178
129,224
130,96
130,342
130,325
130,86
130,184
130,91
130,246
130,183
130,238
130,275
130,215
130,113
130,186
130,112
130,5
131,7
131,325
131,86
131,246
131,183
131,235
131,101
132,2
132,325
132,86
132,246
132,144
132,6
132,81
132,106
132,177
132,185
132,101
132,176
132,180
132,178
132,3
133,325
133,86
133,184
133,246
133,284
133,223
133,224
133,5
134,7
134,325
134,86
134,184
134,246
134,209
134,99
134,152
134,82
134,68
134,101
134,131
134,181
134,178
135,2
135,325
135,86
135,184
135,246
135,119
135,6
135,30
135,109
135,127
135,106
135,199
135,287
135,118
135,101
135,112
135,286
135,205
135,321
136,325
136,86
136,91
136,246
136,294
136,144
136,36
136,17
136,101
136,350
136,5
137,325
137,86
137,184
137,91
137,246
137,202
137,183
137,335
137,337
137,101
137,224
137,5
138,2
138,325
138,86
138,184
138,91
138,246
138,202
138,119
138,144
138,6
138,134
138,37
138,106
138,337
138,68
138,101
138,176
138,156
138,145
138,178
138,224
138,205
139,2
139,325
139,86
139,246
139,119
139,30
139,106
139,205
140,325
140,86
140,184
140,91
140,246
140,209
140,202
140,179
140,144
140,284
140,336
140,10
140,295
140,215
140,258
140,177
140,101
140,176
140,180
140,174
140,145
140,178
140,304
140,320
140,271
140,112
140,5
141,342
141,325
141,86
141,184
141,91
141,246
141,209
141,202
141,12
141,109
141,10
141,199
141,255
141,102
141,114
141,152
141,164
141,337
141,348
141,302
141,60
141,122
141,101
141,70
141,324
141,278
141,148
141,208
141,175
141,150
141,178
141,112
141,205
141,247
141,279
141,321
141,5
142,2
142,325
142,86
142,246
142,120
142,6
142,99
142,106
142,51
142,205
143,166
143,4
143,325
143,86
143,184
143,91
143,246
143,209
143,119
143,183
143,290
143,25
143,223
143,336
143,123
143,106
143,113
143,28
143,337
143,160
143,101
143,211
143,80
143,121
143,224
143,298
143,304
143,320
143,205
143,247
143,280
144,2
144,325
144,86
144,184
144,91
144,246
144,209
144,202
144,6
144,12
144,127
144,336
144,10
144,106
144,113
144,199
144,255
144,28
144,244
144,100
144,102
144,146
144,152
144,165
144,335
144,337
144,160
144,101
144,300
144,80
144,156
144,320
144,326
144,112
144,205
144,247
144,3
144,321
145,4
145,325
145,86
145,184
145,246
145,349
145,284
145,243
145,336
145,106
145,337
145,101
145,3
146,7
146,325
146,86
146,184
146,91
146,246
146,209
146,183
146,223
146,336
146,113
146,114
146,337
146,118
146,101
146,300
146,211
146,181
146,278
146,194
146,178
146,224
146,254
146,320
146,112
146,286
147,2
147,325
147,86
147,246
147,119
147,6
147,30
147,106
147,76
147,205
147,3
148,325
148,86
148,246
148,99
148,61
148,5
149,325
149,86
149,184
149,246
149,144
149,36
149,133
149,101
149,350
149,224
149,5
150,2
150,325
150,86
150,91
150,246
150,119
150,6
150,30
150,106
150,113
150,276
150,76
150,205
150,3
151,325
151,86
151,184
151,246
151,209
151,183
151,26
151,336
151,215
151,106
151,28
151,102
151,152
151,312
151,80
151,186
151,307
151,320
151,112
151,5
152,7
152,325
152,86
152,184
152,246
152,99
152,82
152,68
152,22
152,43
152,101
153,2
153,325
153,86
153,246
153,81
153,106
153,335
153,337
153,101
153,176
153,148
153,149
153,150
153,178
153,3
154,2
154,325
154,86
154,246
154,209
154,119
154,182
154,106
154,28
154,114
154,146
154,152
154,101
154,324
154,278
154,269
154,205
155,325
155,86
155,184
155,246
155,209
155,183
155,290
155,243
155,245
155,336
155,106
155,28
155,244
155,164
155,348
155,69
155,64
155,90
155,101
155,211
155,278
155,80
155,186
155,65
155,85
155,320
155,271
155,326
155,112
156,7
156,325
156,184
156,91
156,246
156,202
156,245
156,188
156,64
156,101
156,175
156,178
156,186
157,342
157,325
157,86
157,184
157,91
157,246
157,209
157,182
157,183
157,290
157,109
157,336
157,106
157,113
157,244
157,100
157,102
157,114
157,146
157,152
157,276
157,133
157,312
157,101
157,131
157,211
157,278
157,80
157,156
157,224
157,57
157,320
157,326
157,112
157,205
157,5
158,7
158,325
158,86
158,184
158,246
158,209
158,119
158,179
158,144
158,6
158,284
158,243
158,336
158,215
158,23
158,106
158,28
158,164
158,177
158,230
158,40
158,101
158,181
158,176
158,180
158,174
158,156
158,145
158,178
158,326
158,112
158,138
158,205
158,3
159,325
159,86
159,184
159,246
159,339
159,183
159,26
159,90
159,101
159,174
159,175
159,178
159,186
159,308
159,112
160,7
160,325
160,86
160,184
160,246
160,209
160,183
160,26
160,106
160,102
160,146
160,152
160,262
160,186
160,320
160,3
161,7
161,325
161,86
161,184
161,246
161,183
161,223
161,168
161,224
162,4
162,325
162,86
162,184
162,91
162,246
162,209
162,119
162,182
162,238
162,113
162,164
162,160
162,101
162,269
162,41
162,156
162,186
162,242
162,326
162,205
163,325
163,86
163,184
163,246
163,209
163,99
163,109
163,102
163,152
163,60
163,222
163,5
164,7
164,325
164,86
164,184
164,246
164,183
164,245
164,164
164,64
164,101
164,186
165,2
165,325
165,86
165,246
165,209
165,120
165,179
165,144
165,6
165,30
165,106
165,152
165,177
165,250
165,101
165,181
165,176
165,180
165,174
165,341
165,145
165,178
165,205
165,3
166,246
166,6
166,106
166,90
166,112
167,86
167,184
167,91
167,246
167,144
167,183
167,290
167,245
167,106
167,113
167,177
167,310
167,64
167,90
167,101
167,181
167,180
167,178
167,186
167,65
167,112
167,3
168,166
168,2
168,325
168,86
168,91
168,246
168,119
168,270
168,81
168,106
168,113
168,28
168,335
168,337
168,160
168,101
168,181
168,176
168,273
168,145
168,121
168,178
168,205
168,95
169,325
169,86
169,184
169,246
169,209
169,119
169,284
169,336
169,215
169,106
169,28
169,102
169,114
169,337
169,101
169,278
169,80
169,156
169,304
169,320
169,112
169,205
169,5
170,2
170,325
170,86
170,184
170,246
170,209
170,179
170,144
170,30
170,127
170,106
170,28
170,164
170,177
170,303
170,315
170,101
170,181
170,176
170,278
170,180
170,174
170,145
170,178
170,29
170,313
170,72
170,169
171,7
171,325
171,86
171,184
171,246
171,290
171,336
171,106
171,156
171,3
172,325
172,86
172,184
172,91
172,246
172,56
172,183
172,26
172,223
172,106
172,113
172,164
172,160
172,168
172,101
172,211
172,186
172,224
172,205
172,5
173,4
173,325
173,86
173,184
173,246
173,119
173,183
173,277
173,195
173,281
173,205
174,4
174,325
174,86
174,184
174,246
174,209
174,182
174,288
174,106
174,28
174,114
174,152
174,164
174,68
174,101
174,278
174,204
174,247
175,4
175,325
175,86
175,184
175,91
175,246
175,209
175,202
175,6
175,12
175,109
175,10
175,295
175,106
175,28
175,102
175,103
175,60
175,101
175,175
175,178
175,3
176,7
176,325
176,86
176,184
176,246
176,209
176,104
176,142
176,99
176,106
176,102
176,116
176,152
176,82
176,68
176,131
176,247
177,325
177,86
177,246
177,99
177,106
177,28
177,337
177,47
177,101
177,205
177,3
177,5
178,7
178,325
178,86
178,184
178,246
178,284
178,26
178,336
178,101
178,174
178,175
178,139
178,178
178,186
178,328
179,325
179,86
179,184
179,91
179,246
179,209
179,272
179,183
179,277
179,336
179,163
179,215
179,113
179,102
179,165
179,267
179,117
179,312
179,101
179,181
179,178
179,268
179,212
179,112
179,5
180,2
180,325
180,86
180,184
180,246
180,209
180,99
180,106
180,28
180,68
180,61
180,156
180,320
180,317
181,7
181,325
181,86
181,184
181,246
181,99
181,109
181,127
181,106
181,337
181,101
181,224
182,7
182,325
182,86
182,184
182,246
182,209
182,99
182,127
182,106
182,13
182,320
182,317
182,326
182,49
182,112
182,138
183,4
183,325
183,184
183,91
183,246
183,209
183,25
183,336
183,15
183,67
183,337
183,101
183,300
183,176
183,180
183,174
183,175
183,297
183,194
183,145
183,178
183,55
183,212
183,320
184,7
184,325
184,86
184,91
184,246
184,209
184,99
184,113
184,102
184,101
185,2
185,325
185,86
185,246
185,36
185,106
185,261
185,101
185,148
185,156
185,150
186,7
186,325
186,86
186,91
186,246
186,209
186,294
186,179
186,144
186,6
186,339
186,270
186,81
186,17
186,106
186,28
186,102
186,177
186,348
186,101
186,176
186,278
186,180
186,174
186,175
186,156
186,273
186,178
186,320
186,271
187,4
187,325
187,86
187,184
187,246
187,209
187,339
187,183
187,277
187,106
187,28
187,102
187,165
187,117
187,101
187,181
187,132
187,175
187,330
187,107
187,121
187,178
187,268
187,205
188,7
188,325
188,86
188,184
188,246
188,179
188,144
188,284
188,336
188,106
188,101
188,181
188,176
188,180
188,174
188,175
188,145
188,178
188,57
188,3
189,325
189,86
189,246
189,144
189,36
189,215
189,101
189,350
189,112
189,205
189,5
190,325
190,86
190,184
190,246
190,209
190,36
190,127
190,35
190,102
190,337
190,101
190,350
190,234
190,62
190,44
190,112
190,286
190,205
190,5
191,342
191,325
191,86
191,184
191,91
191,246
191,270
191,81
191,26
191,113
191,160
191,312
191,101
191,139
191,186
191,112
191,5
192,2
192,325
192,86
192,184
192,246
192,209
192,6
192,81
192,109
192,106
192,101
192,174
192,175
192,156
192,178
192,44
192,3
193,4
193,325
193,86
193,184
193,246
193,144
193,12
193,182
193,288
193,336
193,106
193,177
193,103
193,101
193,176
193,180
193,174
193,178
193,212
193,328
194,141
194,4
194,325
194,86
194,184
194,91
194,246
194,202
194,183
194,284
194,223
194,238
194,10
194,130
194,106
194,113
194,28
194,312
194,186
194,224
194,254
194,112
194,247
194,280
195,7
195,325
195,86
195,184
195,246
195,209
195,272
195,183
195,26
195,109
195,336
195,215
195,164
195,60
195,312
195,101
195,211
195,80
195,175
195,178
195,186
195,308
195,55
195,212
195,320
195,271
195,112
196,4
196,325
196,86
196,246
196,119
196,36
196,261
196,101
196,148
196,150
196,205
197,325
197,86
197,184
197,246
197,144
197,183
197,257
197,336
197,177
197,101
197,176
197,180
197,145
197,178
197,224
197,136
197,5
198,7
198,325
198,86
198,184
198,246
198,183
198,245
198,106
198,28
198,310
198,64
198,101
198,211
198,174
198,175
198,178
198,186
198,65
199,4
199,325
199,86
199,184
199,91
199,246
199,294
199,183
199,26
199,17
199,334
199,186
200,7
200,325
200,86
200,184
200,91
200,246
200,144
200,183
200,25
200,257
200,336
200,15
200,106
200,177
200,335
200,337
200,101
200,211
200,176
200,180
200,174
200,311
200,175
200,297
200,145
200,178
200,224
200,42
200,321
201,325
201,86
201,184
201,91
201,246
201,209
201,202
201,339
201,12
201,182
201,288
201,245
201,215
201,106
201,255
201,28
201,116
201,152
201,40
201,64
201,312
201,101
201,300
201,151
201,175
201,150
201,178
201,186
201,347
201,316
201,320
201,112
201,247
201,5
202,4
202,325
202,86
202,246
202,284
202,337
202,101
203,4
203,325
203,86
203,246
203,120
203,104
203,99
203,82
203,205
204,4
204,325
204,86
204,184
204,246
204,209
204,119
204,339
204,182
204,183
204,245
204,106
204,28
204,64
204,101
204,181
204,180
204,151
204,175
204,41
204,156
204,150
204,178
204,186
204,65
204,320
204,271
204,326
204,205
205,4
205,325
205,86
205,184
205,246
205,209
205,179
205,144
205,81
205,127
205,215
205,177
205,101
205,181
205,176
205,180
205,174
205,178
205,13
205,112
206,2
206,325
206,86
206,91
206,246
206,179
206,266
206,284
206,135
206,106
206,113
206,101
206,181
206,176
206,174
206,175
206,145
206,178
206,3
207,325
207,86
207,184
207,246
207,290
207,106
207,28
207,335
207,337
207,133
207,101
207,156
207,224
207,3
207,5
208,86
208,184
208,209
208,179
208,144
208,129
208,99
208,127
208,100
208,102
208,177
208,101
208,181
208,176
208,180
208,174
208,145
208,178
208,72
208,214
209,7
209,325
209,86
209,184
209,91
209,246
209,209
209,202
209,37
209,245
209,215
209,40
209,64
209,312
209,101
209,181
209,175
209,178
209,186
209,44
209,112
210,325
210,86
210,184
210,246
210,290
210,245
210,133
210,331
210,186
210,345
210,224
210,5
211,2
211,325
211,86
211,184
211,91
211,246
211,209
211,294
211,30
211,99
211,127
211,17
211,106
211,102
211,76
211,118
211,187
211,112
211,286
211,3
212,2
212,325
212,86
212,91
212,246
212,209
212,119
212,6
212,292
212,30
212,9
212,106
212,28
212,102
212,76
212,44
212,205
212,3
213,342
213,7
213,325
213,86
213,184
213,91
213,246
213,209
213,202
213,56
213,183
213,223
213,245
213,336
213,10
213,215
213,106
213,28
213,164
213,168
213,64
213,101
213,80
213,156
213,327
213,186
213,224
213,39
213,320
213,112
214,2
214,325
214,86
214,184
214,246
214,6
214,339
214,182
214,26
214,215
214,106
214,40
214,101
214,269
214,148
214,151
214,175
214,150
214,178
214,186
214,112
214,205
215,342
215,325
215,86
215,184
215,91
215,246
215,209
215,202
215,36
215,127
215,10
215,35
215,106
215,152
215,164
215,230
215,262
215,133
215,101
215,131
215,70
215,324
215,80
215,333
215,350
215,29
215,253
215,224
215,320
215,326
215,112
215,286
215,205
215,5
216,4
216,325
216,86
216,246
216,183
216,106
217,166
217,2
217,325
217,86
217,91
217,246
217,209
217,202
217,179
217,144
217,6
217,270
217,99
217,81
217,10
217,295
217,106
217,177
217,335
217,337
217,101
217,181
217,176
217,180
217,80
217,191
217,107
217,318
217,121
217,178
217,44
217,320
217,317
218,4
218,325
218,86
218,91
218,246
218,202
218,179
218,144
218,270
218,81
218,10
218,45
218,295
218,101
218,176
218,180
218,174
218,175
218,273
218,145
218,178
219,7
219,325
219,86
219,184
219,246
219,209
219,179
219,144
219,75
219,99
219,127
219,114
219,152
219,348
219,101
219,70
219,324
219,181
219,278
219,178
219,13
219,29
220,2
220,325
220,86
220,184
220,246
220,119
220,6
220,30
220,25
220,127
220,106
220,335
220,337
220,287
220,101
220,297
220,29
220,234
220,226
220,205
220,3
221,2
221,325
221,86
221,246
221,209
221,6
221,270
221,99
221,81
221,106
221,199
221,102
221,152
221,262
221,101
221,70
221,143
221,197
221,181
221,132
221,154
221,222
221,252
221,263
221,306
221,333
221,121
221,178
221,320
221,205
221,321
222,7
222,325
222,246
222,144
222,177
222,101
222,176
222,180
222,174
222,145
222,178
223,325
223,86
223,184
223,91
223,246
223,292
223,183
223,26
223,9
223,139
223,186
223,5
224,325
224,86
224,184
224,246
224,179
224,144
224,6
224,99
224,127
224,106
224,164
224,177
224,337
224,126
224,68
224,118
224,101
224,181
224,176
224,180
224,174
224,145
224,178
224,329
224,21
224,112
224,286
224,5
225,7
225,325
225,86
225,184
225,246
225,209
225,179
225,144
225,290
225,336
225,177
225,348
225,69
225,312
225,101
225,176
225,278
225,174
225,178
225,85
225,112
226,7
226,325
226,86
226,184
226,91
226,246
226,209
226,202
226,120
226,99
226,182
226,288
226,127
226,106
226,28
226,100
226,230
226,82
226,22
226,133
226,101
226,80
226,41
226,224
226,320
226,317
226,326
226,205
227,325
227,184
227,91
227,246
227,109
227,167
227,135
227,113
227,60
227,186
227,5
228,2
228,325
228,86
228,184
228,246
228,120
228,179
228,12
228,266
228,336
228,106
228,101
228,181
228,176
228,174
228,175
228,145
228,178
228,328
228,205
228,3
229,325
229,86
229,246
229,209
229,270
229,183
229,81
229,102
229,101
229,181
229,176
229,174
229,175
229,145
229,178
229,5
229,8
230,325
230,86
230,246
230,99
230,61
230,5
231,7
231,325
231,86
231,184
231,91
231,246
231,202
231,183
231,245
231,54
231,59
231,64
231,186
232,2
232,325
232,86
232,184
232,246
232,209
232,179
232,6
232,12
232,127
232,106
232,103
232,101
232,131
232,181
232,178
232,234
232,226
232,247
232,279
232,3
233,342
233,325
233,86
233,184
233,91
233,246
233,209
233,56
233,182
233,284
233,238
233,336
233,123
233,215
233,106
233,113
233,244
233,101
233,156
233,186
233,326
233,112
233,5
234,141
234,325
234,86
234,184
234,246
234,209
234,183
234,238
234,102
234,152
234,105
234,70
234,186
234,5
235,4
235,325
235,86
235,184
235,246
235,179
235,6
235,339
235,284
235,336
235,106
235,28
235,100
235,101
235,176
235,180
235,174
235,175
235,156
235,121
235,178
235,136
235,3
236,2
236,325
236,86
236,184
236,246
236,284
236,336
236,39
237,2
237,325
237,86
237,184
237,246
237,209
237,179
237,270
237,81
237,336
237,106
237,102
237,312
237,101
237,181
237,175
237,273
237,194
237,178
237,112
238,166
238,2
238,325
238,86
238,184
238,91
238,246
238,209
238,294
238,266
238,336
238,106
238,28
238,102
238,262
238,303
238,315
238,101
238,278
238,156
238,107
238,198
238,121
238,320
238,205
239,4
239,325
239,184
239,246
239,339
239,245
239,106
239,64
239,101
239,151
239,175
239,150
239,178
239,186
239,65
240,2
240,325
240,86
240,184
240,246
240,179
240,144
240,12
240,127
240,177
240,101
240,181
240,176
240,180
240,145
240,178
240,329
240,233
241,86
241,184
241,246
241,183
241,127
241,238
241,90
241,312
241,72
241,169
241,186
241,112
242,7
242,325
242,86
242,246
242,209
242,120
242,179
242,144
242,99
242,215
242,230
242,337
242,47
242,118
242,101
242,80
242,41
242,178
242,320
242,317
242,326
242,112
242,286
242,205
243,4
243,325
243,86
243,184
243,246
243,119
243,144
243,183
243,245
243,215
243,106
243,64
243,101
243,180
243,151
243,150
243,178
243,186
243,65
243,112
243,205
244,325
244,86
244,184
244,91
244,246
244,202
244,6
244,183
244,245
244,10
244,106
244,28
244,331
244,90
244,186
244,112
245,7
245,325
245,86
245,184
245,246
245,12
245,36
245,109
245,60
245,101
246,2
246,325
246,86
246,246
246,209
246,266
246,106
246,114
246,265
246,278
246,3
247,7
247,325
247,86
247,184
247,246
247,183
247,26
247,101
247,181
247,175
247,178
247,186
248,4
248,325
248,86
248,246
248,144
248,6
248,12
248,36
248,106
248,101
248,176
248,178
248,3
249,4
249,325
249,86
249,184
249,91
249,246
249,183
249,284
249,223
249,113
249,160
249,211
249,224
250,7
250,325
250,86
250,246
250,179
250,182
250,288
250,101
250,178
250,205
251,325
251,86
251,246
251,120
251,99
251,106
251,61
251,205
251,5
252,2
252,325
252,86
252,184
252,246
252,209
252,6
252,30
252,37
252,99
252,109
252,106
252,199
252,28
252,152
252,164
252,68
252,101
252,70
252,80
252,156
252,204
252,320
252,205
252,321
253,342
253,2
253,325
253,86
253,184
253,246
253,209
253,12
253,277
253,106
253,152
253,103
253,117
253,101
253,175
253,330
253,178
253,268
253,3
254,2
254,325
254,86
254,184
254,246
254,209
254,284
254,336
254,106
254,102
254,152
254,16
255,86
255,184
255,246
255,339
255,183
255,245
255,106
255,310
255,331
255,101
255,181
255,175
255,178
255,186
256,7
256,325
256,86
256,184
256,91
256,246
256,209
256,202
256,36
256,99
256,10
256,47
256,68
256,101
256,80
256,320
257,2
257,325
257,86
257,184
257,91
257,246
257,209
257,202
257,179
257,6
257,12
257,81
257,127
257,54
257,188
257,106
257,199
257,59
257,102
257,152
257,164
257,207
257,293
257,101
257,181
257,175
257,178
257,77
257,329
257,233
257,44
257,247
257,3
257,321
258,7
258,325
258,86
258,184
258,91
258,246
258,209
258,202
258,183
258,127
258,245
258,10
258,106
258,102
258,207
258,186
259,4
259,325
259,86
259,184
259,246
259,209
259,183
259,223
259,106
259,114
259,348
259,312
259,101
259,211
259,278
259,80
259,224
259,254
259,320
259,112
260,342
260,4
260,325
260,86
260,184
260,91
260,246
260,209
260,202
260,183
260,245
260,50
260,102
260,64
260,186
260,65
260,44
261,4
261,325
261,86
261,246
261,209
261,128
261,99
261,106
261,51
261,131
261,205
262,2
262,325
262,86
262,246
262,209
262,6
262,12
262,182
262,106
262,102
262,302
262,101
262,269
262,175
262,178
262,3
263,7
263,325
263,86
263,184
263,246
263,209
263,128
263,99
263,106
263,152
263,51
263,68
263,101
263,70
263,181
263,178
264,4
264,325
264,86
264,184
264,246
264,209
264,290
264,336
264,102
264,114
264,348
264,101
264,278
264,44
265,7
265,325
265,86
265,184
265,246
265,209
265,31
265,290
265,109
265,243
265,336
265,348
265,60
265,312
265,101
265,278
265,112
266,4
266,325
266,86
266,91
266,246
266,183
266,15
266,106
266,101
266,211
267,325
267,86
267,246
267,120
267,144
267,36
267,101
267,176
267,180
267,145
267,251
267,178
267,205
267,5
268,4
268,325
268,86
268,184
268,91
268,246
268,6
268,56
268,183
268,26
268,215
268,106
268,113
268,235
268,312
268,139
268,186
268,112
268,247
268,280
269,2
269,325
269,86
269,184
269,246
269,119
269,179
269,144
269,30
269,109
269,106
269,177
269,101
269,181
269,176
269,180
269,174
269,175
269,178
269,205
269,3
269,201
270,4
270,325
270,86
270,246
270,209
270,142
270,99
270,106
270,28
270,152
270,164
270,337
270,82
270,101
270,131
270,70
270,143
271,325
271,86
271,184
271,91
271,246
271,202
271,183
271,26
271,10
271,296
271,215
271,101
271,175
271,139
271,178
271,186
271,112
271,5
272,7
272,325
272,184
272,91
272,246
272,209
272,202
272,6
272,109
272,223
272,106
272,164
272,60
272,101
272,80
272,156
272,224
272,320
273,325
273,86
273,184
273,246
273,179
273,99
273,109
273,127
273,215
273,255
273,68
273,61
273,312
273,101
273,181
273,178
273,29
273,253
273,112
273,286
273,192
273,5
274,4
274,325
274,86
274,184
274,246
274,284
274,243
274,336
274,106
274,101
274,136
274,3
275,2
275,325
275,86
275,246
275,119
275,30
275,106
275,76
275,205
276,4
276,325
276,86
276,184
276,91
276,246
276,209
276,202
276,52
276,81
276,288
276,336
276,10
276,337
276,101
276,131
276,107
276,121
276,304
276,321
276,340
276,206
276,351
276,125
277,2
277,325
277,86
277,184
277,246
277,119
277,179
277,144
277,266
277,336
277,106
277,101
277,176
277,174
277,175
277,145
277,178
277,205
277,3
278,325
278,86
278,184
278,246
278,179
278,6
278,75
278,99
278,127
278,106
278,101
278,175
278,178
278,234
278,226
278,5
279,7
279,325
279,86
279,184
279,91
279,246
279,209
279,119
279,53
279,183
279,238
279,15
279,67
279,102
279,97
279,84
279,80
279,186
279,320
279,205
279,321
279,125
280,342
280,325
280,86
280,184
280,91
280,246
280,209
280,202
280,120
280,36
280,182
280,109
280,127
280,10
280,295
280,35
280,207
280,101
280,269
280,80
280,107
280,350
280,121
280,29
280,320
280,112
280,286
280,205
280,5
281,7
281,325
281,86
281,184
281,246
281,6
281,99
281,106
281,335
281,337
281,68
281,101
281,3
282,2
282,325
282,86
282,184
282,246
282,183
282,277
282,283
282,281
283,7
283,325
283,86
283,184
283,91
283,246
283,209
283,179
283,144
283,270
283,81
283,336
283,177
283,337
283,293
283,101
283,84
283,176
283,180
283,174
283,175
283,178
283,125
284,2
284,325
284,86
284,246
284,209
284,179
284,144
284,30
284,106
284,102
284,152
284,177
284,76
284,101
284,181
284,176
284,180
284,174
284,145
284,178
284,44
284,3
285,2
285,325
285,86
285,184
285,246
285,209
285,119
285,179
285,144
285,6
285,30
285,106
285,177
285,68
285,101
285,181
285,176
285,180
285,174
285,80
285,175
285,178
285,320
285,205
285,3
286,342
286,325
286,86
286,184
286,91
286,246
286,202
286,183
286,245
286,10
286,295
286,64
286,89
286,101
286,186
286,5
287,7
287,325
287,86
287,246
287,6
287,99
287,106
287,126
288,7
288,325
288,86
288,184
288,91
288,246
288,202
288,339
288,12
288,245
288,188
288,164
288,103
288,64
288,101
288,148
288,175
288,150
288,178
288,186
289,7
289,325
289,86
289,184
289,246
289,209
289,179
289,144
289,270
289,81
289,127
289,152
289,177
289,101
289,131
289,70
289,324
289,181
289,176
289,180
289,145
289,178
289,29
290,4
290,325
290,86
290,246
290,104
290,99
290,215
290,164
290,82
290,101
290,112
290,205
291,2
291,325
291,86
291,246
291,119
291,179
291,144
291,266
291,106
291,199
291,255
291,177
291,265
291,101
291,176
291,180
291,174
291,175
291,178
291,112
291,205
291,3
291,321
292,4
292,325
292,86
292,246
292,119
292,183
292,337
292,101
292,205
293,4
293,325
293,86
293,184
293,246
293,119
293,144
293,182
293,183
293,245
293,106
293,64
293,101
293,180
293,178
293,186
293,65
293,205
294,325
294,86
294,184
294,91
294,246
294,209
294,349
294,53
294,179
294,144
294,6
294,339
294,290
294,243
294,336
294,15
294,67
294,106
294,114
294,146
294,177
294,101
294,181
294,176
294,278
294,180
294,174
294,175
294,145
294,178
294,137
294,5
295,325
295,86
295,184
295,91
295,246
295,209
295,202
295,182
295,183
295,245
295,106
295,64
295,84
295,269
295,186
295,204
295,320
295,247
295,5
296,325
296,86
296,184
296,246
296,209
296,182
296,183
296,277
296,106
296,102
296,283
296,267
296,117
296,211
296,274
296,268
296,78
296,281
296,44
296,5
297,342
297,325
297,86
297,184
297,246
297,209
297,183
297,127
297,245
297,215
297,244
297,102
297,152
297,315
297,64
297,101
297,278
297,186
297,320
297,271
297,317
297,326
297,112
297,247
297,280
297,5
298,7
298,325
298,91
298,246
298,120
298,188
298,101
298,205
299,2
299,325
299,86
299,184
299,91
299,246
299,209
299,202
299,120
299,12
299,109
299,336
299,10
299,106
299,337
299,60
299,101
299,44
299,320
299,271
299,205
299,247
299,279
300,4
300,325
300,86
300,184
300,91
300,246
300,209
300,202
300,183
300,290
300,25
300,336
300,10
300,188
300,296
300,106
300,335
300,337
300,310
300,312
300,101
300,300
300,196
300,156
300,297
300,85
300,212
300,229
300,328
300,320
300,112
301,4
301,325
301,86
301,184
301,91
301,246
301,290
301,25
301,15
301,190
301,335
301,337
301,312
301,101
301,156
301,170
301,112
302,325
302,86
302,184
302,91
302,246
302,209
302,202
302,12
302,277
302,10
302,106
302,199
302,102
302,116
302,267
302,117
302,101
302,217
302,175
302,178
302,268
302,247
302,279
302,3
302,321
302,5
303,342
303,4
303,325
303,86
303,184
303,91
303,246
303,209
303,202
303,266
303,25
303,336
303,10
303,296
303,106
303,199
303,337
303,101
303,32
303,3
303,321
304,7
304,325
304,86
304,184
304,246
304,209
304,6
304,104
304,99
304,127
304,106
304,152
304,82
304,207
304,101
304,70
304,181
304,178
304,77
304,205
305,7
305,325
305,86
305,246
305,6
305,12
305,106
305,28
305,103
305,302
305,101
305,175
305,178
306,2
306,325
306,86
306,246
306,209
306,119
306,6
306,30
306,106
306,114
306,262
306,303
306,348
306,76
306,101
306,278
306,320
306,205
306,247
306,280
306,3
307,342
307,7
307,325
307,86
307,246
307,209
307,182
307,183
307,215
307,106
307,211
307,269
307,80
307,320
307,112
308,7
308,325
308,86
308,184
308,91
308,246
308,209
308,202
308,99
308,257
308,50
308,106
308,249
308,80
308,224
308,320
309,7
309,325
309,86
309,184
309,246
309,209
309,179
309,144
309,284
309,336
309,215
309,106
309,258
309,28
309,102
309,114
309,152
309,177
309,337
309,348
309,105
309,101
309,70
309,324
309,176
309,278
309,180
309,174
309,80
309,263
309,145
309,178
309,304
309,320
309,317
309,112
309,247
309,280
310,7
310,325
310,184
310,246
310,119
310,245
310,106
310,331
310,186
310,205
310,3
311,4
311,325
311,86
311,184
311,246
311,144
311,183
311,26
311,23
311,177
311,101
311,180
311,174
311,175
311,178
311,186
311,307
311,112
311,138
312,4
312,325
312,86
312,184
312,246
312,179
312,284
312,243
312,336
312,106
312,28
312,101
312,176
312,180
312,174
312,145
312,178
313,7
313,325
313,86
313,184
313,246
313,266
313,284
313,223
313,336
313,101
313,224
314,7
314,325
314,86
314,184
314,91
314,246
314,209
314,202
314,56
314,183
314,26
314,257
314,336
314,215
314,106
314,28
314,164
314,101
314,211
314,132
314,80
314,156
314,107
314,139
314,121
314,327
314,186
314,224
314,343
314,328
314,320
314,112
315,7
315,325
315,86
315,184
315,246
315,209
315,56
315,183
315,25
315,26
315,215
315,106
315,164
315,101
315,80
315,156
315,139
315,186
315,320
315,112
316,325
316,184
316,246
316,6
316,238
316,1
316,106
316,28
316,90
316,186
316,112
317,7
317,325
317,86
317,184
317,246
317,183
317,257
317,277
317,172
317,312
317,101
317,174
317,178
317,224
317,281
317,112
318,4
318,325
318,86
318,184
318,91
318,246
318,209
318,294
318,12
318,182
318,336
318,17
318,215
318,116
318,164
318,230
318,101
318,80
318,41
318,156
318,186
318,229
318,320
318,326
318,112
318,247
318,279
318,280
319,4
319,325
319,86
319,184
319,246
319,209
319,120
319,179
319,144
319,266
319,127
319,255
319,152
319,207
319,101
319,324
319,181
319,176
319,180
319,174
319,178
319,112
319,205
320,4
320,325
320,246
321,7
321,325
321,184
321,246
321,209
321,349
321,179
321,144
321,243
321,336
321,177
321,348
321,101
321,176
321,278
321,180
321,174
321,145
321,178
321,55
321,304
322,325
322,86
322,184
322,246
322,183
322,238
322,106
322,28
322,101
322,151
322,175
322,150
322,178
322,186
322,239
322,5
323,86
323,184
323,246
323,12
323,182
323,109
323,106
323,28
323,116
323,60
323,269
323,247
323,279
324,4
324,325
324,86
324,184
324,91
324,246
324,202
324,182
324,284
324,109
324,336
324,50
324,337
324,60
324,101
324,107
324,121
325,4
325,325
325,86
325,184
325,246
325,209
325,183
325,109
325,277
325,106
325,102
325,108
325,312
325,200
325,305
325,112
325,247
325,280
326,86
326,91
326,209
326,36
326,113
326,146
326,152
326,101
326,181
326,350
326,178
327,7
327,325
327,86
327,184
327,91
327,246
327,209
327,202
327,179
327,144
327,6
327,284
327,109
327,243
327,336
327,50
327,106
327,255
327,102
327,152
327,165
327,177
327,337
327,105
327,118
327,312
327,101
327,70
327,197
327,324
327,181
327,176
327,174
327,145
327,213
327,178
327,112
327,286
328,325
328,86
328,184
328,246
328,209
328,183
328,26
328,244
328,211
328,139
328,186
328,326
328,5
329,4
329,325
329,86
329,184
329,246
329,183
329,277
329,215
329,106
329,117
329,40
329,101
329,268
329,289
329,112
330,325
330,184
330,246
330,26
330,101
330,186
330,259
330,5
331,2
331,325
331,86
331,184
331,246
331,209
331,119
331,182
331,183
331,223
331,277
331,106
331,164
331,117
331,101
331,211
331,148
331,80
331,151
331,330
331,150
331,224
331,110
331,268
331,320
331,205
331,3
332,342
332,325
332,86
332,184
332,91
332,246
332,209
332,202
332,56
332,183
332,284
332,25
332,336
332,10
332,215
332,106
332,113
332,28
332,100
332,165
332,335
332,337
332,348
332,101
332,278
332,80
332,208
332,137
332,212
332,320
332,112
332,5
332,20
333,4
333,325
333,86
333,184
333,91
333,246
333,209
333,202
333,119
333,182
333,183
333,26
333,336
333,10
333,15
333,67
333,106
333,28
333,164
333,101
333,311
333,175
333,156
333,178
333,186
333,205
333,321
334,325
334,86
334,184
334,91
334,246
334,209
334,202
334,179
334,144
334,99
334,266
334,127
334,336
334,106
334,113
334,102
334,303
334,315
334,337
334,111
334,207
334,101
334,181
334,176
334,278
334,145
334,178
334,13
334,247
334,279
334,3
334,5
335,4
335,325
335,86
335,184
335,246
335,6
335,92
335,99
335,106
335,47
335,68
336,7
336,325
336,86
336,184
336,246
336,209
336,179
336,12
336,284
336,336
336,152
336,337
336,97
336,101
336,175
336,222
336,178
336,321
336,14
337,325
337,86
337,184
337,91
337,246
337,202
337,183
337,26
337,139
337,186
337,5
338,342
338,325
338,86
338,184
338,246
338,209
338,56
338,183
338,223
338,277
338,215
338,106
338,267
338,117
338,312
338,101
338,211
338,80
338,175
338,178
338,224
338,110
338,268
338,320
338,112
338,247
338,280
338,3
338,5
338,125
339,4
339,325
339,86
339,184
339,91
339,246
339,202
339,179
339,144
339,6
339,37
339,243
339,336
339,10
339,106
339,177
339,337
339,101
339,181
339,176
339,180
339,174
339,156
339,145
339,178
340,7
340,325
340,86
340,184
340,91
340,246
340,294
340,183
340,245
340,17
340,106
340,331
340,101
340,181
340,178
340,186
340,332
340,3
341,325
341,86
341,184
341,91
341,246
341,202
341,179
341,144
341,99
341,127
341,10
341,215
341,337
341,47
341,101
341,11
341,203
341,228
341,178
341,13
341,112
341,5
342,7
342,325
342,86
342,184
342,91
342,246
342,284
342,336
342,15
342,113
342,164
342,335
342,337
342,101
342,327
343,2
343,325
343,86
343,184
343,91
343,246
343,209
343,202
343,119
343,179
343,30
343,127
343,10
343,50
343,106
343,164
343,287
343,101
343,181
343,176
343,174
343,175
343,203
343,38
343,178
343,13
343,29
343,33
343,44
343,205
343,3
344,342
344,7
344,325
344,86
344,184
344,91
344,246
344,209
344,202
344,284
344,243
344,336
344,10
344,296
344,337
344,101
344,156
344,285
345,325
345,86
345,184
345,246
345,183
345,277
345,235
345,283
345,101
345,281
345,5
346,325
346,86
346,246
346,179
346,144
346,129
346,99
346,177
346,101
346,181
346,176
346,180
346,174
346,145
346,178
346,205
347,2
347,325
347,86
347,184
347,246
347,6
347,99
347,127
347,106
347,47
347,46
347,29
347,313
348,7
348,325
348,86
348,184
348,246
348,209
348,119
348,183
348,26
348,262
348,186
348,308
348,320
348,205
349,325
349,86
349,184
349,246
349,209
349,183
349,109
349,277
349,106
349,255
349,28
349,102
349,152
349,267
349,117
349,312
349,101
349,181
349,175
349,178
349,268
349,44
349,320
349,271
349,112
349,5
350,7
350,325
350,184
350,246
350,26
350,106
350,101
350,181
350,151
350,175
350,150
350,178
350,186
351,325
351,86
351,184
351,91
351,246
351,209
351,183
351,26
351,106
351,113
351,159
351,80
351,186
351,320
351,5
352,4
352,325
352,86
352,246
352,183
352,337
352,66
352,101
353,325
353,86
353,184
353,91
353,246
353,209
353,202
353,120
353,179
353,144
353,99
353,284
353,127
353,10
353,215
353,152
353,165
353,177
353,101
353,181
353,176
353,180
353,174
353,222
353,178
353,112
353,205
353,247
353,280
353,5
354,2
354,325
354,86
354,184
354,246
354,179
354,144
354,134
354,37
354,257
354,106
354,133
354,101
354,181
354,176
354,174
354,156
354,178
354,224
354,173
354,3
355,2
355,325
355,86
355,184
355,246
355,209
355,144
355,6
355,183
355,245
355,106
355,28
355,164
355,177
355,64
355,101
355,181
355,180
355,178
355,186
355,65
355,320
355,317
356,166
356,4
356,325
356,86
356,184
356,91
356,246
356,209
356,202
356,153
356,183
356,26
356,238
356,257
356,10
356,15
356,67
356,106
356,28
356,101
356,300
356,211
356,311
356,107
356,139
356,121
356,186
356,224
356,320
356,247
356,280
356,321
357,342
357,325
357,86
357,184
357,246
357,209
357,56
357,284
357,336
357,215
357,152
357,337
357,101
357,197
357,112
357,5
358,2
358,325
358,86
358,184
358,91
358,246
358,179
358,144
358,6
358,284
358,336
358,130
358,106
358,113
358,101
358,181
358,176
358,174
358,175
358,156
358,145
358,178
358,136
359,2
359,325
359,86
359,184
359,246
359,209
359,37
359,25
359,109
359,106
359,28
359,337
359,60
359,312
359,101
359,300
359,297
359,320
359,112
359,247
359,280
360,7
360,325
360,184
360,91
360,246
360,202
360,223
360,10
360,45
360,295
360,106
360,28
360,101
360,151
360,150
360,224
360,298
361,342
361,4
361,325
361,86
361,184
361,246
361,209
361,120
361,220
361,37
361,99
361,164
361,68
361,101
361,320
361,317
361,205
362,2
362,325
362,86
362,184
362,246
362,119
362,179
362,6
362,30
362,106
362,68
362,101
362,181
362,178
362,205
363,4
363,325
363,86
363,184
363,246
363,209
363,179
363,144
363,134
363,37
363,106
363,177
363,337
363,133
363,101
363,181
363,176
363,180
363,174
363,80
363,145
363,178
363,224
363,320
363,3
364,166
364,2
364,325
364,86
364,184
364,91
364,246
364,209
364,158
364,37
364,127
364,190
364,157
364,106
364,152
364,335
364,337
364,101
364,132
364,252
364,121
364,13
364,320
364,317
365,7
365,325
365,86
365,184
365,91
365,246
365,209
365,182
365,284
365,109
365,336
365,215
365,106
365,113
365,337
365,111
365,60
365,312
365,101
365,181
365,80
365,175
365,178
365,212
365,44
365,320
365,112
365,205
366,7
366,325
366,86
366,184
366,246
366,183
366,238
366,245
366,215
366,40
366,64
366,312
366,101
366,186
366,242
366,65
366,112
367,2
367,325
367,86
367,246
367,209
367,12
367,182
367,106
367,199
367,102
367,302
367,101
367,321
368,325
368,86
368,184
368,246
368,183
368,25
368,26
368,238
368,106
368,66
368,101
368,186
368,242
368,5
369,7
369,325
369,86
369,184
369,246
369,339
369,31
369,290
369,277
369,283
369,101
369,181
369,174
369,175
369,178
369,281
370,4
370,325
370,86
370,184
370,246
370,183
370,238
370,186
370,239
371,7
371,325
371,86
371,184
371,246
371,31
371,12
371,290
371,336
371,337
371,118
371,101
371,57
371,112
371,286
372,7
372,325
372,86
372,184
372,91
372,246
372,209
372,202
372,37
372,56
372,183
372,109
372,238
372,10
372,215
372,106
372,164
372,60
372,108
372,101
372,80
372,156
372,186
372,242
372,44
372,320
372,112
372,3
373,325
373,86
373,246
373,291
373,36
373,350
373,5
374,4
374,325
374,184
374,91
374,246
374,119
374,6
374,277
374,15
374,162
374,106
374,117
374,330
374,268
374,205
375,4
375,325
375,86
375,184
375,246
375,209
375,144
375,183
375,223
375,336
375,106
375,28
375,102
375,177
375,262
375,337
375,101
375,211
375,181
375,176
375,180
375,80
375,156
375,145
375,178
375,224
375,298
375,137
375,301
375,328
375,320
376,7
376,325
376,86
376,184
376,246
376,183
376,26
376,223
376,211
376,156
376,139
376,186
376,224
377,325
377,86
377,91
377,246
377,209
377,202
377,179
377,144
377,6
377,81
377,10
377,1
377,106
377,28
377,177
377,101
377,300
377,176
377,180
377,178
377,320
377,317
378,2
378,325
378,86
378,184
378,246
378,12
378,277
378,106
378,28
378,267
378,117
378,101
378,124
378,268
379,7
379,325
379,86
379,91
379,246
379,202
379,120
379,270
379,81
379,10
379,295
379,185
379,273
379,205
380,2
380,325
380,86
380,246
380,119
380,179
380,144
380,6
380,81
380,106
380,177
380,335
380,337
380,101
380,176
380,180
380,174
380,178
380,205
381,141
381,2
381,325
381,184
381,246
381,56
381,238
381,215
381,106
381,189
381,186
381,112
382,4
382,325
382,86
382,246
382,183
382,106
382,248
382,312
382,112
383,325
383,86
383,184
383,246
383,183
383,238
383,23
383,101
383,175
383,178
383,186
383,241
383,112
383,138
383,5
384,7
384,325
384,86
384,246
384,209
384,99
384,215
384,100
384,114
384,47
384,101
384,278
384,112
385,325
385,184
385,91
385,246
385,202
385,238
385,10
385,106
385,100
385,101
385,156
385,203
385,121
385,186
385,3
385,5
386,7
386,325
386,86
386,184
386,91
386,246
386,209
386,202
386,272
386,183
386,26
386,109
386,336
386,10
386,215
386,106
386,102
386,60
386,312
386,80
386,186
386,85
386,44
386,320
386,271
386,112
386,205
386,247
386,280
387,2
387,325
387,86
387,91
387,246
387,202
387,119
387,6
387,30
387,188
387,106
387,76
387,205
387,3
388,7
388,325
388,184
388,246
388,209
388,119
388,336
388,102
388,101
388,304
388,205
389,2
389,325
389,86
389,184
389,246
389,209
389,119
389,6
389,30
389,37
389,127
389,336
389,106
389,199
389,28
389,164
389,230
389,335
389,337
389,101
389,300
389,41
389,156
389,121
389,13
389,72
389,169
389,55
389,320
389,317
389,326
389,112
389,286
389,205
389,247
389,279
389,3
389,321
390,2
390,325
390,86
390,184
390,246
390,209
390,119
390,6
390,99
390,106
390,126
390,68
390,101
390,205
391,4
391,325
391,86
391,184
391,91
391,246
391,37
391,109
391,336
391,293
391,101
391,181
391,174
391,175
391,338
391,178
392,2
392,325
392,86
392,246
392,81
392,106
392,185
392,3
393,2
393,325
393,86
393,184
393,246
393,119
393,179
393,144
393,6
393,30
393,182
393,127
393,106
393,28
393,100
393,164
393,177
393,335
393,337
393,287
393,101
393,181
393,176
393,180
393,174
393,156
393,145
393,178
393,234
393,226
393,329
393,21
393,205
393,3
394,2
394,325
394,86
394,246
394,119
394,30
394,106
394,76
394,205
394,3
395,325
395,86
395,246
395,209
395,144
395,12
395,36
395,183
395,235
395,101
395,181
395,178
395,204
395,5
396,325
396,86
396,91
396,246
396,179
396,144
396,81
396,17
396,106
396,177
396,101
396,176
396,180
396,174
396,175
396,178
396,3
396,5
397,7
397,325
397,86
397,246
397,209
397,6
397,339
397,12
397,106
397,244
397,103
397,312
397,101
397,175
397,178
397,326
397,112
398,2
398,325
398,86
398,184
398,91
398,246
398,209
398,202
398,6
398,12
398,238
398,10
398,106
398,152
398,186
398,247
398,280
399,7
399,325
399,86
399,184
399,246
399,56
399,183
399,277
399,215
399,117
399,211
399,330
399,268
399,112
400,7
400,325
400,86
400,184
400,246
400,209
400,120
400,36
400,37
400,106
400,100
400,207
400,101
400,208
400,326
400,205
401,325
401,86
401,184
401,246
401,209
401,37
401,56
401,109
401,277
401,215
401,283
401,60
401,108
401,281
401,44
401,112
401,5
402,2
402,325
402,86
402,246
402,209
402,179
402,144
402,6
402,30
402,106
402,199
402,177
402,315
402,76
402,101
402,181
402,176
402,278
402,180
402,178
402,204
402,321
403,4
403,325
403,86
403,246
403,99
403,106
403,82
403,22
403,3
404,58
404,2
404,325
404,86
404,91
404,246
404,209
404,202
404,119
404,179
404,144
404,6
404,30
404,10
404,106
404,28
404,177
404,101
404,181
404,176
404,180
404,174
404,175
404,156
404,203
404,178
404,204
404,320
404,317
404,205
404,3
405,2
405,325
405,86
405,246
405,119
405,183
405,81
405,106
405,185
405,101
405,176
405,180
405,178
405,205
405,3
406,4
406,325
406,86
406,184
406,91
406,246
406,209
406,119
406,210
406,37
406,182
406,109
406,336
406,15
406,155
406,106
406,28
406,108
406,101
406,300
406,181
406,174
406,80
406,175
406,156
406,178
406,212
406,328
406,44
406,320
406,205
406,247
406,280
407,7
407,325
407,86
407,184
407,91
407,246
407,209
407,202
407,183
407,26
407,336
407,10
407,23
407,315
407,278
407,346
407,98
407,139
407,186
407,328
407,112
407,138
408,7
408,325
408,86
408,184
408,246
408,209
408,284
408,109
408,257
408,106
408,28
408,114
408,303
408,315
408,348
408,60
408,101
408,278
408,224
408,173
409,7
409,325
409,86
409,184
409,246
409,209
409,183
409,26
409,223
409,336
409,106
409,28
409,102
409,101
409,132
409,174
409,175
409,139
409,121
409,178
409,186
409,224
409,298
409,304
409,247
409,280
410,7
410,325
410,86
410,184
410,246
410,209
410,92
410,99
410,336
410,106
410,28
410,100
410,164
410,337
410,47
410,68
410,101
410,80
410,156
410,304
410,320
410,317
410,326
410,3
411,325
411,86
411,184
411,91
411,246
411,179
411,339
411,183
411,26
411,336
411,113
411,160
411,101
411,181
411,176
411,180
411,174
411,175
411,178
411,186
411,259
411,55
411,136
411,5
412,7
412,325
412,86
412,184
412,91
412,246
412,209
412,179
412,144
412,183
412,284
412,223
412,336
412,106
412,113
412,177
412,337
412,160
412,312
412,101
412,211
412,176
412,180
412,174
412,175
412,145
412,178
412,224
412,227
412,39
412,55
412,320
412,271
412,112
412,247
412,280
413,7
413,325
413,86
413,184
413,246
413,284
413,336
413,101
413,136
413,212
414,4
414,325
414,86
414,91
414,246
414,202
414,144
414,284
414,215
414,106
414,90
414,101
414,148
414,156
414,150
414,112
414,3
415,325
415,86
415,184
415,246
415,209
415,120
415,99
415,106
415,102
415,152
415,164
415,82
415,68
415,22
415,101
415,326
415,205
415,5
416,2
416,325
416,86
416,91
416,246
416,209
416,294
416,119
416,30
416,17
416,106
416,102
416,76
416,205
416,3
417,4
417,325
417,86
417,184
417,91
417,246
417,209
417,119
417,158
417,183
417,109
417,127
417,257
417,190
417,106
417,28
417,152
417,337
417,101
417,211
417,132
417,80
417,252
417,121
417,224
417,173
417,320
417,317
417,205
418,325
418,86
418,246
418,209
418,36
418,215
418,80
418,208
418,350
418,44
418,320
418,317
418,112
418,205
418,5
419,166
419,4
419,325
419,86
419,184
419,246
419,209
419,12
419,127
419,336
419,244
419,230
419,315
419,335
419,337
419,103
419,101
419,132
419,278
419,121
419,16
419,137
419,301
419,326
420,342
420,2
420,325
420,86
420,184
420,91
420,246
420,209
420,202
420,266
420,336
420,10
420,296
420,106
420,335
420,337
420,101
420,3
421,7
421,325
421,86
421,184
421,246
421,232
421,99
421,127
421,231
421,207
421,101
421,77
422,342
422,325
422,86
422,184
422,246
422,209
422,12
422,182
422,183
422,81
422,245
422,215
422,23
422,106
422,102
422,116
422,164
422,230
422,64
422,101
422,80
422,156
422,186
422,347
422,320
422,326
422,112
422,138
422,247
422,5
423,4
423,325
423,86
423,184
423,246
423,144
423,183
423,25
423,223
423,106
423,28
423,177
423,337
423,101
423,211
423,176
423,180
423,174
423,156
423,63
423,145
423,178
423,224
423,225
424,2
424,325
424,86
424,246
424,209
424,179
424,339
424,182
424,152
424,101
424,181
424,176
424,269
424,180
424,174
424,175
424,178
424,44
424,204
425,4
425,325
425,86
425,184
425,246
425,284
425,257
425,106
425,309
425,28
425,337
425,101
425,156
425,224
425,343
425,173
425,321
426,4
426,325
426,86
426,184
426,91
426,246
426,209
426,202
426,270
426,12
426,81
426,109
426,10
426,188
426,296
426,102
426,103
426,60
426,300
426,273
426,320
427,7
427,325
427,86
427,184
427,91
427,246
427,209
427,183
427,25
427,106
427,113
427,114
427,101
427,211
427,181
427,278
427,178
428,7
428,325
428,86
428,184
428,91
428,246
428,202
428,56
428,183
428,245
428,188
428,215
428,64
428,101
428,174
428,175
428,178
428,186
428,112
429,2
429,325
429,86
429,184
429,246
429,209
429,179
429,266
429,284
429,127
429,106
429,28
429,164
429,315
429,101
429,181
429,278
429,327
429,178
429,234
429,62
429,3
430,7
430,325
430,86
430,184
430,246
430,209
430,99
430,182
430,127
430,215
430,106
430,244
430,102
430,114
430,116
430,146
430,152
430,164
430,165
430,348
430,82
430,22
430,101
430,131
430,70
430,197
430,324
430,278
430,80
430,320
430,326
430,112
430,205
430,247
431,4
431,325
431,86
431,184
431,246
431,183
431,245
431,64
431,101
431,186
431,65
432,325
432,86
432,184
432,91
432,246
432,202
432,144
432,12
432,277
432,188
432,177
432,283
432,19
432,293
432,101
432,181
432,180
432,174
432,175
432,178
432,281
432,247
432,279
433,4
433,325
433,86
433,246
433,120
433,104
433,99
433,82
433,205
434,7
434,325
434,86
434,184
434,91
434,246
434,209
434,183
434,277
434,188
434,215
434,102
434,112
434,125
434,256
435,4
435,325
435,86
435,246
435,209
435,120
435,179
435,6
435,99
435,106
435,28
435,164
435,51
435,101
435,131
435,181
435,178
435,205
436,4
436,325
436,86
436,184
436,246
436,183
436,245
436,336
436,106
436,64
436,312
436,101
436,186
436,65
436,212
436,229
436,112
437,4
437,325
437,86
437,184
437,91
437,246
437,209
437,290
437,109
437,127
437,15
437,155
437,337
437,207
437,312
437,101
437,80
437,77
437,320
437,112
438,342
438,325
438,86
438,184
438,246
438,209
438,99
438,182
438,127
438,215
438,152
438,82
438,22
438,207
438,101
438,70
438,324
438,181
438,178
438,112
438,205
438,5
439,7
439,325
439,86
439,184
439,91
439,246
439,202
439,99
439,127
439,50
439,215
439,106
439,28
439,47
439,112
440,7
440,325
440,86
440,246
440,284
440,106
440,3
441,2
441,325
441,86
441,246
441,179
441,144
441,81
441,106
441,147
441,101
441,181
441,176
441,180
441,174
441,175
441,83
441,145
441,178
441,3
442,4
442,325
442,86
442,184
442,91
442,246
442,209
442,202
442,144
442,12
442,182
442,183
442,81
442,109
442,135
442,215
442,106
442,113
442,244
442,102
442,116
442,230
442,302
442,60
442,40
442,101
442,269
442,204
442,326
442,112
442,247
443,7
443,325
443,86
443,246
443,209
443,120
443,99
443,335
443,337
443,82
443,22
443,101
443,80
443,320
443,112
443,286
443,192
443,205
444,2
444,325
444,86
444,184
444,246
444,12
444,277
444,106
444,103
444,101
444,175
444,178
444,281
444,73
444,3
445,342
445,325
445,86
445,246
445,144
445,36
445,35
445,101
445,350
445,112
445,286
445,5
446,325
446,246
446,101
446,5
447,7
447,325
447,86
447,184
447,246
447,119
447,183
447,167
447,186
447,205
448,7
448,325
448,86
448,184
448,91
448,246
448,209
448,202
448,183
448,336
448,50
448,102
448,312
448,80
448,194
448,213
448,224
448,320
448,112
448,247
448,280
449,2
449,325
449,86
449,184
449,91
449,246
449,209
449,119
449,179
449,144
449,6
449,182
449,288
449,336
449,106
449,113
449,199
449,28
449,164
449,264
449,101
449,181
449,156
449,327
449,178
449,55
449,44
449,320
449,317
449,205
449,247
449,279
449,321
450,93
450,325
450,86
450,184
450,91
450,246
450,202
450,179
450,183
450,336
450,54
450,106
450,59
450,101
450,181
450,174
450,175
450,156
450,178
450,304
450,5
451,2
451,325
451,86
451,184
451,246
451,209
451,119
451,6
451,30
451,99
451,106
451,152
451,262
451,348
451,68
451,70
451,278
451,320
451,317
451,205
452,4
452,325
452,86
452,184
452,246
452,144
452,183
452,336
452,106
452,177
452,337
452,101
452,176
452,180
452,194
452,145
452,178
452,229
452,328
453,4
453,325
453,86
453,184
453,91
453,246
453,209
453,202
453,99
453,109
453,127
453,10
453,106
453,28
453,102
453,164
453,262
453,61
453,207
453,60
453,101
453,132
453,191
453,156
453,107
453,121
453,234
453,236
453,320
453,317
453,247
453,279
454,342
454,2
454,325
454,86
454,184
454,246
454,209
454,119
454,6
454,37
454,109
454,127
454,106
454,60
454,29
454,33
454,205
454,3
455,7
455,325
455,86
455,184
455,91
455,246
455,339
455,183
455,26
455,9
455,101
455,151
455,175
455,150
455,178
455,186
455,308
456,7
456,325
456,86
456,246
456,232
456,319
456,99
456,101
456,181
456,178
457,7
457,325
457,86
457,184
457,246
457,179
457,232
457,99
457,127
457,231
457,101
457,178
457,234
457,62
457,205
458,325
458,86
458,184
458,91
458,246
458,209
458,120
458,99
458,109
458,113
458,152
458,82
458,276
458,101
458,70
458,181
458,178
458,205
458,5
459,4
459,325
459,86
459,246
459,209
459,6
459,12
459,37
459,106
459,101
459,80
459,156
459,44
459,320
460,2
460,325
460,86
460,184
460,246
460,209
460,179
460,339
460,81
460,109
460,106
460,28
460,108
460,101
460,84
460,175
460,156
460,178
460,204
460,205
461,18
461,2
461,325
461,86
461,184
461,246
461,209
461,119
461,37
461,109
461,238
461,106
461,189
461,28
461,108
461,101
461,175
461,178
461,186
461,326
461,112
461,286
461,205
462,4
462,325
462,86
462,91
462,246
462,202
462,6
462,12
462,50
462,106
462,103
462,101
462,205
462,3
463,7
463,325
463,86
463,184
463,246
463,314
463,284
463,127
463,101
463,13
464,325
464,86
464,184
464,91
464,246
464,209
464,202
464,120
464,144
464,99
464,127
464,10
464,244
464,47
464,118
464,101
464,72
464,214
464,326
464,112
464,286
464,205
464,5
465,325
465,86
465,246
465,209
465,120
465,99
465,215
465,146
465,152
465,47
465,112
465,205
465,5
466,325
466,86
466,184
466,91
466,246
466,209
466,202
466,12
466,266
466,25
466,10
466,296
466,322
466,106
466,199
466,255
466,244
466,230
466,303
466,315
466,103
466,278
466,156
466,32
466,326
466,112
466,247
466,279
466,3
466,321
466,5
467,325
467,86
467,184
467,91
467,246
467,209
467,202
467,182
467,183
467,109
467,336
467,165
467,337
467,101
467,175
467,178
467,44
467,5
468,325
468,86
468,91
468,246
468,202
468,120
468,161
468,182
468,81
468,288
468,106
468,205
468,5
469,4
469,325
469,86
469,91
469,246
469,183
469,15
469,106
469,101
470,325
470,86
470,184
470,246
470,183
470,257
470,224
470,5
471,4
471,325
471,86
471,184
471,246
471,183
471,109
471,133
471,60
471,108
471,211
471,224
472,7
472,325
472,86
472,246
472,209
472,6
472,99
472,106
472,28
472,244
472,102
472,152
472,47
472,105
472,70
472,326
472,247
472,279
473,7
473,325
473,86
473,91
473,246
473,202
473,12
473,36
473,284
473,10
473,295
473,296
473,191
474,2
474,325
474,86
474,246
474,209
474,119
474,6
474,30
474,106
474,102
474,152
474,76
474,205
474,3
475,7
475,325
475,86
475,184
475,246
475,209
475,99
475,215
475,164
475,68
475,101
475,112
475,205
476,325
476,86
476,246
476,284
476,101
476,174
476,178
476,5
477,2
477,325
477,86
477,184
477,246
477,183
477,245
477,64
477,186
477,65
478,4
478,325
478,86
478,91
478,246
478,209
478,202
478,179
478,99
478,10
478,295
478,152
478,51
478,101
478,70
478,181
478,178
479,4
479,325
479,86
479,184
479,246
479,119
479,179
479,144
479,31
479,183
479,290
479,336
479,106
479,177
479,101
479,181
479,176
479,180
479,174
479,145
479,178
479,205
479,3
479,125
480,166
480,4
480,325
480,86
480,184
480,246
480,339
480,183
480,277
480,106
480,28
480,117
480,101
480,181
480,132
480,151
480,175
480,107
480,121
480,150
480,178
481,2
481,325
481,86
481,246
481,209
481,119
481,6
481,30
481,106
481,102
481,152
481,70
481,324
481,205
481,247
481,280
481,3
482,7
482,325
482,86
482,184
482,246
482,209
482,144
482,6
482,56
482,183
482,245
482,215
482,106
482,152
482,177
482,331
482,101
482,211
482,324
482,180
482,178
482,186
482,112
483,7
483,325
483,86
483,184
483,246
483,209
483,75
483,99
483,127
483,106
483,28
483,262
483,101
483,80
483,156
483,13
483,29
483,33
483,44
483,320
483,317
483,247
483,279
483,280
484,4
484,325
484,86
484,184
484,91
484,246
484,183
484,238
484,293
484,186
485,2
485,325
485,86
485,184
485,91
485,246
485,209
485,202
485,119
485,6
485,12
485,182
485,288
485,336
485,10
485,106
485,164
485,335
485,337
485,101
485,203
485,326
485,205
485,3
486,7
486,325
486,86
486,91
486,246
486,209
486,202
486,120
486,179
486,99
486,50
486,146
486,152
486,164
486,101
486,181
486,80
486,178
486,320
486,205
487,4
487,325
487,86
487,184
487,246
487,209
487,6
487,183
487,127
487,245
487,106
487,102
487,262
487,315
487,64
487,101
487,278
487,156
487,29
487,253
487,186
487,65
487,320
488,4
488,325
488,86
488,184
488,91
488,246
488,266
488,223
488,277
488,113
488,160
488,117
488,330
488,224
488,225
488,268
489,325
489,86
489,91
489,246
489,99
489,130
489,215
489,113
489,47
489,112
489,5
490,7
490,325
490,86
490,184
490,246
490,209
490,99
490,244
490,152
490,262
490,82
490,68
490,22
490,43
490,118
490,312
490,101
490,131
490,70
490,80
490,41
490,154
490,333
490,316
490,320
490,317
490,326
490,112
490,286
490,205
491,7
491,325
491,86
491,246
491,183
491,235
492,4
492,325
492,86
492,184
492,246
492,209
492,142
492,99
492,127
492,215
492,82
492,80
492,29
492,253
492,320
492,112
492,205
493,7
493,325
493,86
493,184
493,91
493,246
493,209
493,202
493,12
493,37
493,109
493,10
493,295
493,215
493,102
493,152
493,60
493,108
493,101
493,148
493,80
493,48
493,175
493,150
493,178
493,320
493,112
494,7
494,325
494,86
494,184
494,91
494,246
494,209
494,290
494,277
494,34
494,102
494,117
494,293
494,124
494,24
495,7
495,325
495,86
495,184
495,91
495,246
495,209
495,202
495,179
495,144
495,99
495,127
495,188
495,106
495,28
495,101
495,156
495,178
495,13
495,205
496,325
496,86
496,184
496,246
496,37
496,183
496,238
496,245
496,64
496,186
496,242
496,65
496,5
497,7
497,325
497,86
497,184
497,246
497,209
497,183
497,284
497,109
497,223
497,337
497,60
497,312
497,101
497,80
497,224
497,110
497,320
497,112
498,4
498,325
498,86
498,184
498,91
498,246
498,209
498,119
498,183
498,223
498,277
498,336
498,106
498,113
498,262
498,160
498,122
498,312
498,101
498,224
498,281
498,73
498,320
498,112
498,205
499,325
499,86
499,184
499,246
499,284
499,243
499,336
499,5
500,7
500,325
500,86
500,184
500,91
500,246
500,209
500,179
500,219
500,37
500,109
500,336
500,9
500,190
500,337
500,108
500,101
500,181
500,176
500,180
500,174
500,175
500,145
500,178
500,229
500,44
